email,website,company,id,address,phone,name,username
Sincere@april.biz,hildegard.org,map[bs:harness real-time e-markets catchPhrase:Multi-layered client-server neural-net name:Romaguera-Crona],1,map[city:Gwenborough geo:map[lat:-37.3159 lng:81.1496] street:Kulas Light suite:Apt. 556 zipcode:92998-3874],1-770-736-8031 x56442,Leanne Graham,Bret
Shanna@melissa.tv,anastasia.net,map[bs:synergize scalable supply-chains catchPhrase:Proactive didactic contingency name:Deckow-Crist],2,map[city:Wisokyburgh geo:map[lat:-43.9509 lng:-34.4618] street:Victor Plains suite:Suite 879 zipcode:90566-7771],010-692-6593 x09125,Ervin Howell,Antonette
Nathan@yesenia.net,ramiro.info,map[bs:e-enable strategic applications catchPhrase:Face to face bifurcated interface name:Romaguera-Jacobson],3,map[city:McKenziehaven geo:map[lat:-68.6102 lng:-47.0653] street:Douglas Extension suite:Suite 847 zipcode:59590-4157],1-463-123-4447,Clementine Bauch,Samantha
Julianne.OConner@kory.org,kale.biz,map[bs:transition cutting-edge web services catchPhrase:Multi-tiered zero tolerance productivity name:Robel-Corkery],4,map[city:South Elvis geo:map[lat:29.4572 lng:-164.2990] street:Hoeger Mall suite:Apt. 692 zipcode:53919-4257],493-170-9623 x156,Patricia Lebsack,Karianne
Lucio_Hettinger@annie.ca,demarco.info,map[bs:revolutionize end-to-end systems catchPhrase:User-centric fault-tolerant solution name:Keebler LLC],5,map[city:Roscoeview geo:map[lat:-31.8129 lng:62.5342] street:Skiles Walks suite:Suite 351 zipcode:33263],(254)954-1289,Chelsey Dietrich,Kamren
Karley_Dach@jasper.info,ola.org,map[bs:e-enable innovative applications catchPhrase:Synchronised bottom-line interface name:Considine-Lockman],6,map[city:South Christy geo:map[lat:-71.4197 lng:71.7478] street:Norberto Crossing suite:Apt. 950 zipcode:23505-1337],1-477-935-8478 x6430,Mrs. Dennis Schulist,Leopoldo_Corkery
Telly.Hoeger@billy.biz,elvis.io,map[bs:generate enterprise e-tailers catchPhrase:Configurable multimedia task-force name:Johns Group],7,map[city:Howemouth geo:map[lat:24.8918 lng:21.8984] street:Rex Trail suite:Suite 280 zipcode:58804-1099],210.067.6132,Kurtis Weissnat,Elwyn.Skiles
Sherwood@rosamond.me,jacynthe.com,map[bs:e-enable extensible e-tailers catchPhrase:Implemented secondary concept name:Abernathy Group],8,map[city:Aliyaview geo:map[lat:-14.3990 lng:-120.7677] street:Ellsworth Summit suite:Suite 729 zipcode:45169],586.493.6943 x140,Nicholas Runolfsdottir V,Maxime_Nienow
Chaim_McDermott@dana.io,conrad.com,map[bs:aggregate real-time technologies catchPhrase:Switchable contextually-based project name:Yost and Sons],9,map[city:Bartholomebury geo:map[lat:24.6463 lng:-168.8889] street:Dayna Park suite:Suite 449 zipcode:76495-3109],(775)976-6794 x41206,Glenna Reichert,Delphine
Rey.Padberg@karina.biz,ambrose.net,map[bs:target end-to-end models catchPhrase:Centralized empowering task-force name:Hoeger LLC],10,map[city:Lebsackbury geo:map[lat:-38.2386 lng:57.2232] street:Kattie Turnpike suite:Suite 198 zipcode:31428-2261],024-648-3804,Clementina DuBuque,Moriah.Stanton
